date,神,広,デ,巨,ヤ,中
2026-03-26,1500.00,1500.00,1500.00,1500.00,1500.00,1500.00
2026-03-27,1492.00,1508.00,1492.00,1508.00,1508.00,1492.00
2026-03-28,1500.37,1515.63,1484.37,1499.63,1515.63,1484.37
2026-03-29,1508.35,1522.91,1477.09,1491.65,1522.91,1477.09
2026-03-31,1515.63,1514.91,1469.80,1499.31,1530.91,1469.42
2026-04-01,1506.58,1514.91,1478.85,1506.63,1530.91,1462.11
2026-04-02,1513.95,1507.28,1471.49,1497.61,1538.55,1471.13
2026-04-03,1521.79,1499.44,1480.09,1489.01,1529.01,1480.66
2026-04-04,1529.28,1491.95,1472.30,1496.80,1535.91,1473.77
2026-04-05,1520.42,1500.81,1464.86,1504.24,1542.49,1467.18
2026-04-07,1528.93,1508.88,1472.91,1496.16,1533.98,1459.13
2026-04-08,1521.05,1500.59,1464.60,1504.45,1541.87,1467.45
2026-04-09,1529.53,1500.59,1464.60,1504.45,1533.39,1467.45
2026-04-10,1536.11,1500.59,1464.60,1513.12,1524.72,1460.86
2026-04-11,1542.41,1491.77,1473.42,1505.38,1532.46,1454.57
2026-04-12,1548.42,1483.34,1481.84,1498.01,1539.83,1448.55
2026-04-14,1539.27,1474.55,1475.17,1507.16,1546.51,1457.35
2026-04-15,1539.27,1482.15,1475.17,1507.16,1546.51,1449.74
2026-04-16,1530.53,1482.15,1468.79,1515.90,1552.89,1449.74
2026-04-17,1536.71,1473.84,1477.09,1524.75,1544.04,1443.57
2026-04-18,1542.61,1465.92,1485.02,1517.19,1551.60,1437.66
2026-04-19,1548.27,1458.36,1492.58,1509.98,1558.81,1432.01
2026-04-21,1539.00,1468.61,1501.85,1516.21,1548.56,1425.78
2026-04-22,1530.14,1462.42,1510.70,1522.18,1554.75,1419.81
2026-04-23,1530.14,1456.49,1510.70,1522.18,1560.67,1419.81
2026-04-24,1530.14,1456.49,1518.97,1513.91,1549.59,1430.89
2026-04-25,1528.47,1458.16,1510.85,1522.03,1538.96,1441.52
2026-04-26,1534.88,1451.76,1503.11,1529.77,1528.78,1451.71
2026-04-28,1526.73,1461.53,1493.93,1520.00,1536.92,1460.88
2026-04-29,1534.97,1454.86,1501.17,1526.67,1528.68,1453.64
2026-04-30,1542.82,1464.49,1508.09,1517.04,1520.83,1446.73
2026-05-01,1534.23,1472.08,1500.38,1525.63,1528.53,1439.14
2026-05-02,1542.03,1463.33,1493.03,1517.83,1535.89,1447.89
2026-05-03,1549.48,1463.33,1502.01,1510.39,1526.91,1447.89
2026-05-04,1539.20,1456.21,1509.12,1502.77,1534.53,1458.17
2026-05-05,1529.37,1457.42,1507.91,1511.50,1525.80,1468.00
2026-05-06,1535.97,1466.58,1498.76,1503.83,1533.47,1461.40
2026-05-08,1527.12,1460.10,1507.61,1494.85,1539.95,1470.37
2026-05-09,1518.67,1453.91,1516.06,1486.29,1546.14,1478.93
2026-05-10,1526.61,1463.98,1508.12,1494.12,1536.06,1471.10
2026-05-12,1534.83,1456.67,1515.27,1501.43,1527.85,1463.95
2026-05-13,1526.67,1449.70,1522.10,1508.40,1536.01,1457.13
2026-05-14,1526.67,1449.70,1520.62,1508.40,1536.01,1458.60
2026-05-15,1516.92,1459.44,1512.34,1516.69,1542.25,1452.36
2026-05-16,1523.61,1452.75,1504.44,1524.59,1532.23,1462.38
2026-05-17,1514.00,1462.36,1496.90,1532.12,1538.64,1455.97
2026-05-19,1520.68,1471.16,1488.11,1540.27,1530.49,1449.29
2026-05-20,1527.06,1463.55,1495.72,1540.27,1530.49,1442.91
2026-05-21,1527.06,1472.28,1486.98,1532.05,1538.72,1442.91
2026-05-22,1535.17,1463.61,1486.98,1523.93,1538.72,1451.59
2026-05-23,1542.91,1471.33,1480.16,1516.19,1545.53,1443.87
2026-05-24,1550.30,1478.70,1489.65,1508.81,1536.05,1436.50
2026-05-26,1540.85,1471.07,1482.26,1500.48,1528.44,1444.92
2026-05-27,1531.82,1463.78,1475.21,1508.54,1529.18,1452.95
2026-05-28,1523.21,1456.83,1484.47,1500.23,1521.89,1460.61
2026-05-29,1531.05,1449.89,1478.34,1508.54,1527.83,1470.00
2026-05-30,1538.54,1443.27,1472.48,1516.47,1533.52,1462.96
2026-05-31,1529.68,1436.94,1482.86,1508.03,1538.98,1456.24
2026-06-02,1529.68,1436.94,1473.29,1516.44,1530.31,1449.76
2026-06-03,1522.58,1446.51,1464.14,1524.46,1538.04,1443.57
2026-06-04,1515.80,1439.65,1471.41,1532.11,1529.42,1437.65
2026-06-05,1521.75,1441.06,1481.01,1539.82,1520.82,1448.81
2026-06-06,1527.45,1450.41,1474.18,1539.18,1512.61,1443.52
2026-06-07,1527.45,1459.34,1467.66,1538.57,1504.78,1438.45
2026-06-09,1519.87,1454.05,1461.03,1543.80,1496.26,1432.14
2026-06-10,1512.64,1448.98,1454.69,1548.83,1488.12,1442.11
2026-06-11,1505.73,1444.10,1448.64,1537.65,1480.36,1435.64
2026-06-12,1497.74,1435.41,1442.17,1531.01,1490.33,1430.12
2026-06-13,1506.13,1443.13,1451.98,1540.66,1483.85,1424.82
2026-06-14,1498.12,1450.49,1445.36,1533.89,1493.66,1435.74
2026-06-16,1492.42,1444.65,1445.36,1533.89,1493.66,1435.74
2026-06-17,1498.51,1444.65,1445.36,1533.89,1493.66,1435.74
2026-06-19,1505.30,1437.77,1438.58,1523.68,1500.54,1445.94
2026-06-20,1505.30,1447.20,1438.58,1529.92,1491.11,1439.70
2026-06-21,1511.78,1456.20,1432.09,1519.89,1482.10,1449.74
2026-06-22,1511.78,1456.20,1432.09,1519.89,1482.10,1449.74
2026-06-23,1503.10,1449.65,1424.50,1526.44,1490.79,1457.33
2026-06-24,1503.10,1449.65,1433.25,1526.44,1490.79,1448.58
2026-06-25,1503.10,1449.65,1425.61,1526.44,1490.79,1456.22
2026-06-26,1503.10,1449.65,1425.61,1526.44,1490.79,1456.22
2026-06-27,1493.88,1458.88,1425.61,1526.44,1490.79,1456.22
2026-06-28,1501.08,1451.68,1419.86,1532.18,1497.99,1449.02
2026-06-30,1507.89,1458.95,1412.60,1523.40,1506.78,1442.21
2026-07-01,1507.89,1458.95,1412.60,1531.02,1499.16,1442.21
2026-07-02,1498.39,1457.89,1413.66,1531.02,1499.16,1451.70
2026-07-03,1489.46,1466.82,1423.59,1521.22,1489.23,1461.50
2026-07-04,1489.46,1466.82,1433.08,1511.86,1479.74,1470.86
2026-07-05,1496.94,1459.34,1442.15,1518.92,1470.67,1463.80
2026-07-07,1489.45,1467.60,1450.65,1526.41,1462.41,1455.30
2026-07-08,1498.30,1475.48,1458.75,1517.57,1454.53,1447.19
2026-07-09,1506.74,1467.00,1450.49,1509.12,1463.01,1455.46
2026-07-10,1497.74,1458.73,1459.82,1499.78,1472.01,1463.73
2026-07-11,1505.15,1450.85,1452.74,1506.87,1464.60,1471.61
2026-07-12,1512.22,1459.32,1445.98,1513.63,1457.53,1463.13
2026-07-14,1519.09,1451.02,1454.28,1504.35,1466.81,1456.26
2026-07-15,1509.66,1459.09,1446.21,1511.49,1459.67,1465.69
2026-07-16,1516.66,1459.09,1446.21,1518.31,1452.86,1458.69
2026-07-17,1523.34,1452.40,1454.36,1524.95,1444.70,1452.05
2026-07-18,1513.73,1462.02,1462.14,1515.29,1436.93,1461.71
2026-07-19,1520.55,1455.20,1469.56,1522.07,1429.51,1454.93
2026-07-20,1511.38,1448.72,1478.73,1528.55,1422.09,1462.35
2026-07-21,1518.63,1442.53,1471.48,1534.74,1415.01,1469.42
2026-07-22,1525.55,1452.60,1464.55,1524.67,1424.26,1460.18
2026-07-23,1525.55,1452.60,1464.55,1524.67,1424.26,1460.18
2026-07-24,1517.53,1443.95,1456.45,1532.69,1432.91,1468.28
2026-07-25,1509.88,1435.69,1464.73,1540.34,1441.16,1460.01
2026-07-26,1518.58,1443.82,1456.62,1531.64,1433.04,1468.12
2026-07-31,1524.65,1452.38,1450.32,1537.94,1426.97,1459.56
2026-08-01,1530.46,1444.54,1460.29,1527.96,1421.16,1467.39
2026-08-02,1536.02,1453.07,1469.83,1518.42,1415.59,1458.87
2026-08-03,1536.02,1453.07,1469.83,1518.42,1415.59,1458.87
2026-08-04,1526.52,1462.56,1479.34,1508.94,1408.59,1465.88
2026-08-05,1517.44,1455.62,1488.42,1515.87,1401.89,1472.57
2026-08-06,1524.77,1448.99,1481.09,1522.50,1395.50,1478.97
2026-08-07,1515.72,1441.73,1488.35,1511.70,1406.30,1488.01
2026-08-08,1507.08,1434.80,1495.28,1517.34,1400.65,1496.65
2026-08-09,1514.84,1428.18,1501.90,1522.75,1395.24,1488.89
2026-08-11,1523.03,1428.18,1493.60,1514.57,1395.24,1497.19
2026-08-12,1530.83,1419.42,1501.69,1506.77,1404.00,1489.11
2026-08-13,1538.28,1419.42,1509.40,1499.32,1404.00,1481.40
2026-08-14,1527.64,1430.05,1499.04,1506.91,1414.36,1473.81
2026-08-15,1517.45,1440.24,1489.13,1498.15,1424.27,1482.57
2026-08-16,1523.70,1433.99,1479.65,1505.79,1433.74,1474.93
2026-08-18,1529.68,1442.93,1488.25,1497.19,1427.77,1465.99
2026-08-19,1535.40,1451.46,1496.46,1488.98,1422.05,1457.46
2026-08-20,1524.88,1459.60,1488.29,1497.16,1432.57,1449.32
2026-08-21,1532.04,1452.46,1481.13,1504.29,1424.96,1456.94
2026-08-22,1532.04,1445.65,1481.13,1511.11,1417.69,1464.20
2026-08-23,1538.87,1455.14,1474.29,1501.62,1410.76,1471.14
2026-08-25,1529.33,1463.58,1465.85,1507.57,1404.80,1480.68
2026-08-26,1520.22,1471.63,1457.80,1513.27,1399.10,1489.79
2026-08-27,1527.52,1463.31,1466.12,1518.74,1393.64,1482.49
2026-08-28,1535.32,1453.73,1474.49,1510.94,1403.22,1474.11
2026-08-29,1542.76,1444.57,1482.48,1503.50,1412.38,1466.12
2026-08-30,1549.86,1451.83,1490.11,1496.40,1405.12,1458.50
2026-09-01,1554.71,1459.99,1482.25,1504.25,1400.27,1450.34
2026-09-02,1543.37,1451.76,1490.76,1495.75,1411.61,1458.57
